{"stats":{"minecraft:custom":{"minecraft:jump":51,"minecraft:time_since_rest":2250,"minecraft:damage_dealt":240,"minecraft:leave_game":1,"minecraft:sprint_one_cm":7424,"minecraft:play_time":2250,"minecraft:damage_taken":10,"minecraft:time_since_death":2250,"minecraft:walk_one_cm":2015,"minecraft:total_world_time":2250,"minecraft:mob_kills":3,"minecraft:fall_one_cm":2808,"minecraft:fly_one_cm":6824},"minecraft:mined":{"minecraft:grass_block":1},"minecraft:used":{"minecraft:dirt":1,"minecraft:mutton":1},"minecraft:killed":{"minecraft:sheep":3},"minecraft:picked_up":{"minecraft:mutton":5,"minecraft:dirt":1,"minecraft:white_wool":3}},"DataVersion":3953}